{
	"agcgw":{
		"backurl":"connect-dra.hispace.hicloud.com",
		"url":"connect-dra.dbankcloud.cn",
		"websocketbackurl":"connect-ws-dra.hispace.dbankcloud.com",
		"websocketurl":"connect-ws-dra.hispace.dbankcloud.cn"
	},
	"agcgw_all":{
		"CN":"connect-drcn.dbankcloud.cn",
		"CN_back":"connect-drcn.hispace.hicloud.com",
		"DE":"connect-dre.dbankcloud.cn",
		"DE_back":"connect-dre.hispace.hicloud.com",
		"RU":"connect-drru.dbankcloud.cn",
		"RU_back":"connect-drru.hispace.hicloud.com",
		"SG":"connect-dra.dbankcloud.cn",
		"SG_back":"connect-dra.hispace.hicloud.com"
	},
	"client":{
		"cp_id":"2640062000021131831",
		"product_id":"737518067794324909",
		"client_id":"808156730251824320",
		"client_secret":"20C61C63E9FA58A6773C86BEF3A90E06DFB59E24A7E637A9347AFE08E32B183D",
		"project_id":"737518067794324909",
		"app_id":"105388667",
		"api_key":"DAEDABT2EpQg3PwesIoPWHrtwuWhbiw8d3at/DwJ0uKzG917wA+04Zs6bO1Op7VdK5cu2wb/3E2mMfsERV11IQpXIAlPZ5JRtd4dTw==",
		"package_name":"com.example.tri_games.huawei"
	},
	"oauth_client":{
		"client_id":"105388667",
		"client_type":1
	},
	"app_info":{
		"app_id":"105388667",
		"package_name":"com.example.tri_games.huawei"
	},
	"service":{
		"analytics":{
			"collector_url":"datacollector-dra.dt.hicloud.com,datacollector-dra.dt.dbankcloud.cn",
			"collector_url_ru":"datacollector-drru.dt.hicloud.com,datacollector-drru.dt.dbankcloud.cn",
			"collector_url_sg":"datacollector-dra.dt.hicloud.com,datacollector-dra.dt.dbankcloud.cn",
			"collector_url_de":"datacollector-dre.dt.hicloud.com,datacollector-dre.dt.dbankcloud.cn",
			"collector_url_cn":"datacollector-drcn.dt.hicloud.com,datacollector-drcn.dt.dbankcloud.cn",
			"resource_id":"p1",
			"channel_id":""
		},
		"search":{
			"url":"https://search-dra.cloud.huawei.com"
		},
		"cloudstorage":{
			"storage_url":"https://ops-dra.agcstorage.link"
		},
		"ml":{
			"mlservice_url":"ml-api-dra.ai.dbankcloud.com,ml-api-dra.ai.dbankcloud.cn"
		}
	},
	"region":"SG",
	"configuration_version":"3.0",
	"appInfos":[
		{
			"package_name":"com.example.tri_games.huawei",
			"client":{
				"app_id":"105388667"
			},
			"app_info":{
				"package_name":"com.example.tri_games.huawei",
				"app_id":"105388667"
			},
			"oauth_client":{
				"client_type":1,
				"client_id":"105388667"
			}
		}
	]
}